"category","keyword"
"Đồng hồ","mặt đồng hồ"
"Đồng hồ","dây da đồng hồ nam"
"Đồng hồ","đồng hồ dây rút"
"Đồng hồ","đồng hồ fossil nữ"
"Đồng hồ","đồng hồ vintage"
"Đồng hồ","đồng hồ sanrio"
"Đồng hồ","pin nhỏ"
"Đồng hồ","carnival"
"Đồng hồ","đồng hồ si nhật"
"Đồng hồ","đồng hồ nữ mặt vuông"
"Đồng hồ","đồng hồ nhật bãi"
"Đồng hồ","dây đồng hồ g shock"
"Đồng hồ","pin cr2025"
"Đồng hồ","đồng hồ citizen nữ"
"Đồng hồ","đồng hồ quả quýt anime"
"Đồng hồ","đồng hồ điện tử nữ"
"Đồng hồ","đồng hồ tourbillon"
"Đồng hồ","đồng hồ nữ dây kim loại"
"Đồng hồ","dây đồng hồ seiko 5"
"Đồng hồ","đồng hồ omega nam"
"Đồng hồ","dây đồng hồ cao su"
"Đồng hồ","hublot nam"
"Đồng hồ","dây đồng hồ da cá sấu"
"Đồng hồ","đồng hồ oakley"
"Đồng hồ","đồng hồ tissot"
"Đồng hồ","đồng hồ mặt vuông"
"Đồng hồ","pin máy tính"
"Đồng hồ","đồng hồ oakley"
"Đồng hồ","đồng hồ rolexx nữ"
"Đồng hồ","đồng hồ cartier nữ"
"",""
"",""
